cycle,time_sim,tasks,transitions,updates,replay_size,epsilon,mean_loss,candidates,candidates_since_log,wall_seconds_since_log,device
500,2.499999999999969,12,11,0,11,1.0,,33862929,33862929,19.143196899999992,cuda
1000,4.999999999999916,28,27,0,27,1.0,,45247608,11384679,7.974382600000013,cuda
1500,7.499999999999862,45,44,0,44,1.0,,103686060,58438452,36.223494,cuda
2000,10.000000000000163,63,62,0,62,1.0,,127647951,23961891,16.9837507,cuda
2500,12.500000000000554,76,75,0,75,1.0,,155615841,27967890,21.665733399999993,cuda
3000,15.000000000000945,93,92,0,92,1.0,,199938258,44322417,33.83402649999999,cuda
3500,17.500000000000803,118,117,0,117,1.0,,242035290,42097032,34.43819540000001,cuda
4000,20.000000000000306,126,125,0,125,1.0,,245181123,3145833,8.572177499999981,cuda
4500,22.499999999999808,134,133,6,133,0.9985009371875586,0.053721411153674126,270445299,25264176,1391.3674595999998,cuda
5000,24.99999999999931,151,150,23,150,0.9942657848626825,0.031159843592082754,300304677,29859378,4130.2050564,cuda
5500,27.499999999998813,168,167,40,167,0.9900485959813514,0.01651303020908552,344843997,44539320,4071.037655100001,cuda
6000,29.999999999998316,182,181,54,181,0.9865890511697745,0.010629906917789153,350960019,6116022,3399.3471193999994,cuda
6500,32.499999999998174,195,194,67,194,0.9833874419690319,0.009300504309626726,379756288,28796269,3115.289452500001,cuda
7000,34.99999999999945,209,208,81,208,0.9799511733490441,0.008059033026386584,433280497,53524209,3474.107779400001,cuda
7500,37.50000000000073,228,227,100,227,0.9753068636815545,0.00687550552385418,482338162,49057665,4992.367104200002,cuda
8000,40.00000000000201,237,236,109,236,0.9731146163991041,0.006327630331118901,485751133,3412971,2161.047918299999,cuda
8500,42.50000000000329,247,246,119,246,0.9706845649191732,0.005690940842032433,490340237,4589104,2590.2005787000016,cuda
