cycle,simulated_time,tasks,transitions,updates,replay_size,epsilon,mean_loss,selection_candidates_total,selection_candidates_since_log,wall_seconds_since_log,device,selection_candidates_per_transition
100,0.5000000000000003,1,0,0,0,1.0,,555543,555543,36.929101100000004,cpu,
200,1.0000000000000007,4,3,3,3,0.999250187484375,0.06331674133737882,792438,236895,28.7064916,cpu,264146.0
300,1.49999999999999,6,5,5,5,0.9987506248437695,0.06697713769972324,1531785,739347,68.5559009,cpu,306357.0
400,1.9999999999999793,9,8,8,8,0.9980017491252735,0.07219469423095386,15738600,14206815,1421.2649104,cpu,1967325.0
500,2.499999999999969,12,11,11,11,0.9972534349231639,0.04287596885114908,33862929,18124329,1722.2630311,cpu,3078448.090909091
600,2.9999999999999583,13,12,12,12,0.9970041215644331,0.05142844840884209,33870222,7293,57.37101140000004,cpu,2822518.5
700,3.4999999999999476,16,15,15,15,0.9962565553959545,0.04634455715616544,35635026,1764804,1675.7544913000002,cpu,2375668.4
800,3.999999999999937,19,18,18,18,0.9955095497619452,0.046594092001517616,41778996,6143970,927.6610014000007,cpu,2321055.3333333335
900,4.499999999999926,24,23,23,23,0.9942657848626825,0.04084831029176712,44256984,2477988,338.6487562000002,cpu,1924216.6956521738
1000,4.999999999999916,28,27,27,27,0.9932718918653515,0.032144465018063784,45247608,990624,1216.3623582,cpu,1675837.3333333333
1100,5.499999999999905,33,32,32,32,0.9920309226402729,0.03722917288541794,75027630,29780022,1942.9390323,cpu,2344613.4375
1200,5.999999999999894,34,33,33,33,0.9917829149096129,0.00012121360487071797,87557463,12529833,1953.9880195,cpu,2653256.4545454546
1300,6.499999999999884,38,37,37,37,0.990791503851314,0.014724530492458143,90872718,3315255,1236.4224814,cpu,2456019.4054054054
1400,6.999999999999873,44,43,43,43,0.9893062451530077,0.022765696048736572,102677535,11804817,1104.3133846,cpu,2387849.6511627906
1500,7.499999999999862,45,44,44,44,0.9890589185917195,0.004066059831529856,103686060,1008525,106.85795589999998,cpu,2356501.3636363638
1600,7.999999999999852,46,45,45,45,0.9888116538620716,0.034272339195013046,103718445,32385,67.8477582000005,cpu,2304854.3333333335
1700,8.499999999999929,53,52,52,52,0.9870825307424875,0.014774833207151719,117254355,13535910,1236.5370432,cpu,2254891.4423076925
1800,9.000000000000007,56,55,55,55,0.986342403906982,0.009415845076243082,122338290,5083935,294.33508000000006,cpu,2224332.5454545454
1900,9.500000000000085,62,61,61,61,0.9848638146889512,0.008171607701418301,126608418,4270128,1450.808741,cpu,2075547.8360655739
2000,10.000000000000163,63,62,62,62,0.984617598735279,0.006212798412889242,127647951,1039533,83.72313989999975,cpu,2058837.9193548388
2100,10.500000000000242,63,62,62,62,0.984617598735279,,127647951,0,2.3183936999998878,cpu,2058837.9193548388
2200,11.00000000000032,67,66,66,66,0.9836333503066086,0.023235044558532536,148253583,20605632,1529.7926747000001,cpu,2246266.409090909
2300,11.500000000000398,70,69,69,69,0.9828958097097626,0.005270779132843018,148382001,128418,601.8676830999993,cpu,2150463.782608696
2400,12.000000000000476,73,72,72,72,0.982158822130087,0.002663360869822403,150484221,2102220,170.17709680000007,cpu,2090058.625
2500,12.500000000000554,76,75,75,75,0.9814223871529224,0.010359972172106305,155615841,5131620,376.3466642000003,cpu,2074877.88
2600,13.000000000000632,78,77,77,77,0.9809317372982452,0.007219906197860837,157459899,1844058,146.0338855,cpu,2044933.7532467532
2700,13.50000000000071,85,84,84,84,0.9792163936945657,0.0035588994863766338,170456739,12996840,4550.764839300001,cpu,2029246.892857143
2800,14.000000000000789,86,85,85,85,0.9789715895961421,0.005134148523211479,171647742,1191003,67.80551700000069,cpu,2019385.2
2900,14.500000000000867,88,87,87,87,0.9784821649870683,0.0017642112070461735,192805092,21157350,1169.0020118000011,cpu,2216150.4827586208
3000,15.000000000000945,93,92,92,92,0.977259673679319,0.006403236636833754,199938258,7133166,455.01480300000003,cpu,2173241.934782609
3100,15.500000000001023,98,97,97,97,0.9760387097218384,0.001389437832403928,222368823,22430565,1825.8395703000006,cpu,2292462.092783505
3200,16.0000000000011,105,104,104,104,0.9743319224969941,0.03676053771466416,225095793,2726970,374.17017289999967,cpu,2164382.625
3300,16.500000000001002,108,107,107,107,0.973601356227133,0.008657438564114273,226658178,1562385,336.84279080000124,cpu,2118300.728971963
3400,17.000000000000902,114,113,113,113,0.9721418666398703,0.003803106810664758,239819391,13161213,3383.1827140999994,cpu,2122295.4955752213
3500,17.500000000000803,118,117,117,117,0.9711700892656754,0.006959593796636909,242035290,2215899,611.5915166999985,cpu,2068677.6923076923
