seed,device,trial,total_seconds,core_seconds_excluding_logging_saving,candidate_slot_generation_seconds,neural_network_inference_seconds,backpropagation_optimizer_seconds,environment_accounting_seconds,logging_saving_seconds,selection_candidate_count,replay_candidate_feature_count,final_transition_count,final_update_count,last_logged_mean_loss,profile_path
14,cpu,1,42.025040000000004,38.42989200000001,34.5142891,2.059861999999999,0.01285259999999866,1.8325180000000367,3.5951479999999982,509490,961248,3,3,0.06894229104121526,artifacts/v1/benchmarks/cuda_compare/candidate_dqn_seed14_cpu.profile.json
14,cpu,2,42.4459454,38.8641625,34.92369150000005,2.1084052000000035,0.013529499999997086,1.8096366999999791,3.5817829000000003,509490,961248,3,3,0.06894229104121526,artifacts/v1/benchmarks/cuda_compare/candidate_dqn_seed14_cpu_trial2.profile.json
14,cpu,3,41.8603983,38.29771530000001,34.40842019999998,2.0642752000000133,0.013184200000001312,1.802617400000015,3.5626829999999963,509490,961248,3,3,0.06894229104121526,artifacts/v1/benchmarks/cuda_compare/candidate_dqn_seed14_cpu_trial3.profile.json
14,cuda,1,37.3354065,33.814166900000004,28.45037360000003,3.514749700000028,0.0784399000000029,1.7613190999999322,3.5212395999999977,509490,961248,3,3,0.06894229104121526,artifacts/v1/benchmarks/cuda_compare/candidate_dqn_seed14_cuda.profile.json
14,cuda,2,37.5304544,33.91457290000001,28.64547450000004,3.4435898000000194,0.07683680000000592,1.7399988999999216,3.615881499999997,509490,961248,3,3,0.06894229104121526,artifacts/v1/benchmarks/cuda_compare/candidate_dqn_seed14_cuda_trial2.profile.json
14,cuda,3,37.4181611,33.96491880000001,28.784570800000004,3.3164135999999935,0.077937900000002,1.7765429999999913,3.453242299999996,509490,961248,3,3,0.06894229104121526,artifacts/v1/benchmarks/cuda_compare/candidate_dqn_seed14_cuda_trial3.profile.json
9,cpu,1,13.966342199999998,10.316873200000003,9.214436499999998,0.2911092000000046,0.014232599999999707,0.7870384000000081,3.6494689999999936,480573,131478,1,1,0.07383393496274948,artifacts/v1/benchmarks/cuda_compare/candidate_dqn_seed9_cpu.profile.json
9,cpu,2,14.065862899999999,10.387432300000002,9.30566719999999,0.29860360000000163,0.007908000000002247,0.7659885999999796,3.678430599999997,480573,131478,1,1,0.07383393496274948,artifacts/v1/benchmarks/cuda_compare/candidate_dqn_seed9_cpu_trial2.profile.json
9,cpu,3,13.7330355,10.138067599999998,9.074400499999996,0.29719519999999555,0.006613900000001394,0.7520890999999947,3.594967900000002,480573,131478,1,1,0.07383393496274948,artifacts/v1/benchmarks/cuda_compare/candidate_dqn_seed9_cpu_trial3.profile.json
9,cuda,1,13.508195999999998,9.924778199999993,8.428413699999998,0.6237145000000126,0.0876610999999965,0.7770885000000005,3.5834178000000048,480573,131478,1,1,0.07383393496274948,artifacts/v1/benchmarks/cuda_compare/candidate_dqn_seed9_cuda.profile.json
9,cuda,2,13.400643199999998,9.739874400000001,8.263294300000007,0.6207955000000069,0.07419659999999695,0.7723382000000054,3.660768799999996,480573,131478,1,1,0.07383393496274948,artifacts/v1/benchmarks/cuda_compare/candidate_dqn_seed9_cuda_trial2.profile.json
9,cuda,3,13.503501700000001,9.911299500000002,8.482210300000013,0.5609289999999945,0.07473249999999965,0.7852457000000017,3.592202199999999,480573,131478,1,1,0.07383393496274948,artifacts/v1/benchmarks/cuda_compare/candidate_dqn_seed9_cuda_trial3.profile.json
